nº de grabación,especie,título,instrumentos,lugar de grabación,localidad,fecha,frecuencia_hz,enf,presence_index
763,Polca,,Acordeón,Asilo de ancianos,Paysandú,1954-04-03,464.6,52.033,4.942
764,Ranchera,,Acordeón,Asilo de ancianos,Paysandú,1954-04-03,464.34,51.5,9.266
765,Mazurca,,Acordeón,Asilo de ancianos,Paysandú,1954-04-03,457.41,51.0,9.246
766,Chotis,,Acordeón,Asilo de ancianos,Paysandú,1954-04-03,456.89,50.833,9.934
767,Milonga,,Acordeón,Asilo de ancianos,Paysandú,1954-04-03,453.21,50.733,10.57
768,Pericón,,Acordeón,Asilo de ancianos,Paysandú,1954-04-03,452.42,50.367,10.968
769,Vals,,Acordeón,Asilo de ancianos,Paysandú,1954-04-03,449.3,50.333,11.871
770,Jota,,Acordeón,Asilo de ancianos,Paysandú,1954-04-03,449.56,50.0,11.188
771,Estilo,,Acordeón,Asilo de ancianos,Paysandú,1954-04-03,447.74,50.033,11.318
772,Vidalita,,Acordeón,Asilo de ancianos,Paysandú,1954-04-03,445.93,50.0,5.887
773,Milonga,,Guitarra,Asilo de ancianos,Paysandú,1954-04-03,442.34,50.033,35.854
774,Chotis,,Guitarra,Asilo de ancianos,Paysandú,1954-04-03,442.6,49.933,34.952
775,Polca,,Guitarra,Asilo de ancianos,Paysandú,1954-04-03,441.83,49.8,33.634
776,Estilo,,Guitarra,Asilo de ancianos,Paysandú,1954-04-03,441.32,49.667,43.566
777,Milonga,"""La doma""",Canto,"Coral ""Amigos del Arte""",Paysandú,1954-04-03,443.62,49.567,24.996
778,Canción,"""Saludo a Paysandú""","Canto, Guitarra","Coral ""Amigos del Arte""",Paysandú,1954-04-03,443.62,49.433,13.717
779,Estilo,,"Canto, Guitarra","Coral ""Amigos del Arte""",Paysandú,1954-04-03,441.83,49.367,29.205
780,Habanera,"""Adiós para siempre""","Canto, Guitarra","Coral ""Amigos del Arte""",Paysandú,1954-04-03,442.85,49.4,18.198
781,Milonga,"""Lo que es la pobreza""","Canto, Guitarra","Coral ""Amigos del Arte""",Paysandú,1954-04-03,440.3,49.367,18.06
782,Compuesto de aparicio y muniz,"""Lo que es la pobreza""","Canto, Guitarra","en la coral ""Amigos del Arte""",Paysandú,1954-04-03,441.07,49.233,18.039
783,Canción criolla,"""La estancia embrujada""","Canto, Guitarra","en la coral ""Amigos del Arte""",Paysandú,1954-04-03,438.27,49.0,18.241
784,Milonga,,"Canto, Guitarra","en la coral ""Amigos del Arte""",Paysandú,1954-04-03,437.26,49.1,16.736
785,Vals serenata,,"Canto, Guitarra","en la coral ""Amigos del Arte""",Paysandú,1954-04-03,438.53,48.933,10.44
786,Zamba,,"Canto, Guitarra","en la coral ""Amigos del Arte""",Paysandú,1954-04-03,441.83,48.933,17.638
787,Milonga,,"Canto, Guitarra","en la coral ""Amigos del Arte""",Paysandú,1954-04-03,441.58,48.933,20.333
788,Milonga,,"Canto, Guitarra","en la coral ""Amigos del Arte""",Paysandú,1954-04-03,440.81,48.933,9.273
790,Zamba con vidalita,,Guitarra,"en la coral ""Amigos del Arte""",Paysandú,1954-04-03,439.03,48.867,24.706
791,Milonga,"""Filosófica""","Canto, Guitarra","en la coral ""Amigos del Arte""",Paysandú,1954-04-03,439.03,48.8,19.005
792,Milonga,,"Canto, Guitarra","en la coral ""Amigos del Arte""",Paysandú,1954-04-04,434.49,49.3,10.125
793,Milonga,,"Canto, Guitarra","en la coral ""Amigos del Arte""",Paysandú,1954-04-04,435.0,49.067,19.876
794,Vals,,"Canto, Guitarra","en la coral ""Amigos del Arte""",Paysandú,1954-04-04,433.74,49.067,14.675
795,Vals,"""Loca de amor""",Guitarra,"en ""El Mejillón""",Las Flores,1954-04-13,444.91,49.667,30.725
796,Polca,,Guitarra,"en ""El Mejillón""",Las Flores,1954-04-13,446.19,49.6,23.004
797,Milonga,,Guitarra,"en ""El Mejillón""",Las Flores,1954-04-13,444.39,49.667,11.716
798,Mazurca,"""La Porteña""",Guitarra,"en ""El Mejillón""",Las Flores,1954-04-13,442.09,49.6,13.641
799,Estilo,,Guitarra,"en ""El Mejillón""",Las Flores,1954-04-13,440.05,49.567,20.971
800,Cifra,,"Canto, Guitarra","en ""El Mejillón""",Las Flores,1954-04-13,455.57,50.967,15.69
801,Estilo,,"Canto, Guitarra","en ""El Mejillón""",Las Flores,1954-04-16,453.99,50.633,32.107
802,Milonga,,"Canto, Guitarra","en ""El Mejillón""",Las Flores,1954-04-16,450.08,50.367,15.708
803,Canción criolla,"""Aprisionado""","Canto, Guitarra","en ""El Mejillón""",Las Flores,1954-04-16,446.19,50.0,13.788
804,Estilo,,"Canto, Guitarra","en ""El Mejillón""",Las Flores,1954-04-16,445.68,50.1,10.215
805,Estilo,,"Canto, Guitarra","en ""El Mejillón""",Las Flores,1954-04-16,444.91,49.7,9.488
806,Vals,,"Canto, Guitarra",en el chalet de Amanda Pérez,Playa Verde,1954-04-17,445.93,49.833,14.261
807,Milonga,,"Canto, Guitarra",en casa de Amanda Pérez,Playa Verde,1954-04-17,439.03,49.367,11.801
808,Estilo,,"Canto, Guitarra",en casa de Amanda Pérez,Playa Verde,1954-04-17,441.07,49.3,12.915
809,Estilo,,"Canto, Guitarra",en casa de Amanda Pérez,Playa Verde,1954-04-17,441.58,49.367,13.267
810,Estilo,,"Canto, Guitarra",en casa de Amanda Pérez,Playa Verde,1954-04-17,440.56,49.433,10.853
811,Cifra,,"Canto, Guitarra",en casa de Amanda Pérez,Playa Verde,1954-04-17,442.34,49.367,7.958
812,Milonga,,"Canto, Guitarra",en casa de Amanda Pérez,Playa Verde,1954-04-17,442.34,49.2,7.723
813,Vals,"""Mala suerte""","Canto, Guitarra",Club Social de Rocha,Rocha,1954-06-26,466.76,52.233,6.636
814,Cifra,,"Canto, Guitarra",en el Club Social de Rocha,Rocha,1954-06-26,457.41,51.3,8.561
815,Estilo,"""A mi guitarra""","Canto, Guitarra",en el Club Social de Rocha,Rocha,1954-06-26,457.41,50.9,9.496
816,Milonga,,"Canto, Guitarra",en el Club Social de Rocha,Rocha,1954-06-26,453.47,50.7,7.993
817,Milonga,,"Canto, Guitarra",en casa de Santiago Dossetti,Minas,1954-09-04,453.47,51.267,12.919
818,Canción,"""Un sueño""","Canto, Guitarra",en casa de Santiago Dossetti,Minas,1954-09-04,458.47,50.667,13.254
819,Estilo,"""Memorias a Artigas""","Canto, Guitarra",en casa de Santiago Dossetti,Minas,1954-09-04,446.19,50.333,19.391
820,Estilo,"""Mi destino""","Canto, Guitarra",en casa de Santiago Dossetti,Minas,1954-09-04,439.29,50.067,11.46
821,Milonga,,"Canto, Guitarra",en casa de Santiago Dossetti,Minas,1954-09-04,437.77,49.8,9.938
822,Cifra,,"Canto, Guitarra",en casa de Santiago Dossetti,Minas,1954-09-04,430.0,49.433,5.034
832,Polca,,Acordeón,en casa de Santiago Dossetti,Minas,1954-09-05,448.26,49.433,6.589
833,Polca,,Acordeón,en casa de Santiago Dossetti,Minas,1954-09-05,445.42,49.367,5.688
834,Chotis figurita,,Acordeón,en casa de Santiago Dossetti,Minas,1954-09-05,445.42,49.3,13.09
835,Chotis,,Acordeón,en casa de Santiago Dossetti,Minas,1954-09-05,444.91,49.3,13.235
836,Ranchera,,Acordeón,en casa de Santiago Dossetti,Minas,1954-09-05,441.45,49.333,9.684
837,Vals,,Acordeón,en casa de Santiago Dossetti,Minas,1954-09-05,443.37,49.333,14.019
856,Estilo,,"Canto, Guitarra",en casa de Corrales,José Pedro Varela,1954-10-23,452.42,50.867,19.705
857,Pericón,,Guitarra,en casa de Corrales,José Pedro Varela,1954-10-23,449.3,50.867,15.172
858,Danza,,Guitarra,en casa de Corrales,José Pedro Varela,1954-10-23,442.6,50.5,18.709
859,Mazurca,,Guitarra,en casa de Corrales,José Pedro Varela,1954-10-23,442.34,49.933,26.345
860,Polca,,Guitarra,en casa de Corrales,José Pedro Varela,1954-10-23,439.03,49.9,34.308
861,Mazurca,,Guitarra,en casa de Corrales,José Pedro Varela,1954-10-23,436.25,49.667,17.726
862,Cifra,,"Canto, Guitarra",en casa de Corrales,José Pedro Varela,1954-10-23,427.52,49.333,29.981
864,Pericón,,Acordeón,en el Club Social Centenario,José Pedro Varela,1954-10-23,444.65,50.0,7.882
865,Jota,,Acordeón,en el Club Social Centenario,José Pedro Varela,1954-10-23,439.8,49.9,15.773
866,Carangueijo,,Acordeón,en el Club Social Centenario,José Pedro Varela,1954-10-23,430.99,49.167,15.597
867,Polca,,Acordeón,en el Club Social Centenario,José Pedro Varela,1954-10-23,428.02,49.2,7.635
868,Mazurca,,Acordeón,en el Club Social Centenario,José Pedro Varela,1954-10-23,435.75,49.467,7.461
869,Vals,,Acordeón,en el Club Social Centenario,José Pedro Varela,1954-10-23,435.5,49.2,8.209
870,Milonga,,Acordeón,en el Club Social Centenario,José Pedro Varela,1954-10-23,446.06,49.533,7.991
881,Chotis,,Acordeón,Club Social Centenario,José Pedro Varela,1954-10-23,435.5,49.533,7.508
882,Polca,,Acordeón,Club Social Centenario,José Pedro Varela,1954-10-23,428.26,48.667,9.788
883,Vals,,Acordeón,Club Social Centenario,José Pedro Varela,1954-10-23,427.03,48.767,6.154
884,Danza,,Acordeón,Club Social Centenario,José Pedro Varela,1954-10-23,430.99,48.933,7.043
885,Milonga,,Guitarra,Club Social Centenario,José Pedro Varela,1954-10-23,430.99,49.0,17.719
886,Milonga,,"Canto, Guitarra",Club Social Centenario,José Pedro Varela,1954-10-23,432.99,49.0,8.237
887,Estilo,,Guitarra,Club Social Centenario,José Pedro Varela,1954-10-23,435.0,48.967,26.678
888,Recitado,,Recita,Club Social Centenario,José Pedro Varela,1954-10-23,430.25,48.7,26.237
889,Recitado,,Recita,Club Social Centenario,José Pedro Varela,1954-10-23,431.24,48.9,28.207
890,Vals,,Acordeón,Club Social Centenario,José Pedro Varela,1954-10-23,457.41,48.933,16.985
891,Recitado,A una madre,Recita,Club Social Centenario,José Pedro Varela,1954-10-23,432.24,48.733,25.83
892,Recitado,El mate y el cigarro,Recita,Club Social Centenario,José Pedro Varela,1954-10-23,432.74,48.633,17.475
893,Polca,,Guitarra,Club Social Centenario,José Pedro Varela,1954-10-23,427.28,48.467,36.997
894,Mazurca,,Guitarra,Club Social Centenario,José Pedro Varela,1954-10-23,424.57,48.5,19.693
895,Chotis,,Guitarra,Club Social Centenario,José Pedro Varela,1954-10-23,433.49,48.7,34.107
896,Pericón,,Guitarra,Club Social Centenario,José Pedro Varela,1954-10-23,437.26,48.933,30.606
897,Milonga,,Guitarra,Club Social Centenario,José Pedro Varela,1954-10-23,432.24,48.733,15.466
898,Vals,,Guitarra,Club Social Centenario,José Pedro Varela,1954-10-23,436.76,48.733,29.969
899,Polca,,Guitarra,Club Social Centenario,José Pedro Varela,1954-10-23,426.29,48.567,8.55
900,Vals,,Guitarra,Casa Parroquial,Castillos,1955-01-26,433.99,49.033,45.69
901,Vals,,Guitarra,Casa Parroquial,Castillos,1955-01-26,430.25,49.167,59.037
902,Milonga,,Guitarra,Casa Parroquial,Castillos,1955-01-26,438.27,49.367,18.931
903,Polca,,Guitarra,Casa Parroquial,Castillos,1955-01-26,433.49,49.233,26.137
904,Pericón,,Guitarra,Casa Parroquial,Castillos,1955-01-26,432.36,49.233,19.937
905,Milonga,,Guitarra,Casa Parroquial,Castillos,1955-01-26,434.74,49.3,15.435
906,Estilo,"""Ansina es la madre mía""",Guitarra,Casa Parroquial,Castillos,1955-01-26,437.52,49.367,5.746
907,Milonga,,Guitarra,Casa Parroquial,Castillos,1955-01-27,443.88,49.2,16.699
908,Estilo,,Guitarra,Casa Parroquial,Castillos,1955-01-27,442.09,49.433,18.148
909,Cifra,"""La novia de Santos Vega""",Guitarra,Casa Parroquial,Castillos,1955-01-27,439.54,49.3,12.346
910,Polca,,Guitarra,Casa Parroquial,Castillos,1955-01-27,447.74,50.1,14.38
911,Estilo,,Guitarra,Casa Parroquial,Castillos,1955-01-27,442.09,49.7,25.017
912,Mazurca,,Guitarra,Casa Parroquial,Castillos,1955-01-27,438.78,49.3,25.645
913,Polca,,Guitarra,Casa Parroquial,Castillos,1955-01-27,439.8,49.233,16.937
914,Canción infantil,"""Mambrú se fué a la guerra""",Canto,en casa de Gentini,Playa Verde,1955-02-19,432.49,48.767,20.16
915,Canción infantil,"""La torre en guardia""",Canto,en casa de Gentini,Playa Verde,1955-02-19,432.74,48.7,12.675
916,Canción infantil,"""Se va, se va la lancha""",Canto,en casa de Gentini,Playa Verde,1955-02-19,435.0,48.633,8.173
917,Canción infantil,"""Salite de la esquina""",Canto,en casa de Gentini,Playa Verde,1955-02-19,430.5,48.567,21.713
918,Canción infantil,"""En Galicia hay una niña""",Canto,en casa de Gentini,Playa Verde,1955-02-19,431.99,48.7,12.532
919,Canción infantil,"""En el portal de Belén""",Canto,en casa de Gentini,Playa Verde,1955-02-19,446.71,49.733,21.598
920,Polca,,Acordeón,Escuela Pública Nº 3,San Carlos,1955-03-12,441.58,54.4,2.796
921,Polca,,Acordeón,Escuela Pública Nº 3,San Carlos,1955-03-12,442.6,45.533,2.674
922,Chotis,,Acordeón,Escuela Pública Nº 3,San Carlos,1955-03-12,442.09,55.733,2.832
923,Chotis inglés,,Acordeón,Escuela Pública Nº 3,San Carlos,1955-03-12,439.54,49.667,6.606
924,Chotis,,Acordeón,Escuela Pública Nº 3,San Carlos,1955-03-12,446.19,49.767,6.751
925,Mazurca,,Acordeón,Escuela Pública Nº 3,San Carlos,1955-03-12,443.37,49.633,5.166
926,Vals,,Acordeón,Escuela Pública Nº 3,San Carlos,1955-03-12,441.32,49.633,6.047
927,Estilo,,Acordeón,Escuela Pública Nº 3,San Carlos,1955-03-12,437.52,49.6,3.668
928,Milonga,,Acordeón,Escuela Pública Nº 3,San Carlos,1955-03-12,438.02,49.333,4.908
929,Pericón,,Acordeón,Escuela Pública Nº 3,San Carlos,1955-03-12,437.52,49.367,13.854
930,Milonga,,Acordeón,Escuela Pública Nº 3,San Carlos,1955-03-12,433.49,58.967,3.217
931,Polca,,Acordeón,Escuela Pública Nº 3,San Carlos,1955-03-12,433.99,49.067,11.247
932,Mazurca,,Acordeón,Escuela Pública Nº 3,San Carlos,1955-03-12,435.75,49.2,6.487
935,Polca,,Acordeón,Juzgado de Paz,Pueblo Carlos Reyles,1955-04-15,489.68,52.067,41.694
936,Vals,,Acordeón,Juzgado de Paz,Pueblo Carlos Reyles,1955-04-15,461.39,51.5,66.278
937,Pericón,,Acordeón,Juzgado de Paz,Pueblo Carlos Reyles,1955-04-15,458.47,51.3,53.025
938,Vidalita,,Acordeón,Juzgado de Paz,Pueblo Carlos Reyles,1955-04-15,458.21,51.2,39.674
939,Chotis,,Acordeón,Juzgado de Paz,Pueblo Carlos Reyles,1955-04-15,455.83,51.0,47.452
940,Mazurca,,Acordeón,Juzgado de Paz,Pueblo Carlos Reyles,1955-04-15,448.26,50.767,63.911
941,Polca,,Guitarra,Juzgado de Paz,Pueblo Carlos Reyles,1955-04-15,456.09,50.467,108.093
942,Mazurca,,Guitarra,Juzgado de Paz,Pueblo Carlos Reyles,1955-04-15,449.82,50.333,97.069
943,Vals,"""Loca de amor""",Guitarra,en el Juzgado de Paz,Pueblo Carlos Reyles,1955-04-15,452.16,50.1,84.085
944,Chotis,,Guitarra,en el Juzgado de Paz,Pueblo Carlos Reyles,1955-04-15,447.48,49.833,91.796
945,Pericón,,Guitarra,en el Juzgado de Paz,Pueblo Carlos Reyles,1955-04-15,443.88,49.767,118.555
946,Estilo,,Guitarra,en el Juzgado de Paz,Pueblo Carlos Reyles,1955-04-15,448.78,49.467,78.89
947,Polca,,Guitarra,en el Juzgado de Paz,Pueblo Carlos Reyles,1955-04-15,449.3,49.6,59.971
948,Chotis inglés,,Guitarra,en el Juzgado de Paz,Pueblo Carlos Reyles,1955-04-15,447.74,49.2,90.157
949,Canción infantil,"""Arrorró""",Guitarra,en el Juzgado de Paz,Pueblo Carlos Reyles,1955-04-15,439.16,49.2,61.576
950,Cifra,,Guitarra,en el Juzgado de Paz,Pueblo Carlos Reyles,1955-04-15,446.45,49.4,113.916
951,Vals,"""El infierno""",Guitarra,en el Juzgado de Paz,Pueblo Carlos Reyles,1955-04-15,448.0,49.433,106.063
952,Milonga,,Guitarra,en el Juzgado de Paz,Pueblo Carlos Reyles,1955-04-15,443.37,49.1,156.984
953,Mazurca,"""La perezosa""",Guitarra,en el Juzgado de Paz,Pueblo Carlos Reyles,1955-04-15,443.37,49.067,76.069
954,Vals,,"Bandurria, Guitarra",en el Club Social,Pueblo del Carmen,1955-04-16,458.21,49.5,82.979
955,Vals,,"Bandurria, Guitarra",en el Club Social,Pueblo del Carmen,1955-04-16,455.96,49.433,71.467
956,Mazurca,,"Bandurria, Guitarra",en el Club Social,Pueblo del Carmen,1955-04-16,450.86,49.067,74.995
957,Milonga,,"Bandurria, Guitarra",en el Club Social,Pueblo del Carmen,1955-04-16,451.64,48.933,78.271
958,Chotis,,"Bandurria, Guitarra",en el Club Social,Pueblo del Carmen,1955-04-16,451.64,49.067,50.063
959,Gato,,"Bandurria, Guitarra",en el Club Social,Pueblo del Carmen,1955-04-16,448.52,48.533,81.223
960,Polca,,"Bandurria, Guitarra",en el Club Social,Pueblo del Carmen,1955-04-16,442.09,48.6,79.9
960,Polca,,"Bandurria, Guitarra",en el Club Social,Pueblo del Carmen,1955-04-16,442.09,48.6,79.9
961,Milonga,,"Bandurria, Guitarra",en el Club Social,Pueblo del Carmen,1955-04-16,456.36,48.7,68.655
961,Mazurca,,Guitarra,en el Club Social,Pueblo del Carmen,1955-04-16,456.36,48.7,68.655
962,Mazurca,,Guitarra,en el Club Social,Pueblo del Carmen,1955-04-16,473.27,48.667,79.303
963,Polca,,Guitarra,en el Club Social,Pueblo del Carmen,1955-04-16,461.39,48.633,102.154
964,Milonga,,Guitarra,en el Club Social,Pueblo del Carmen,1955-04-16,468.38,48.567,77.821
965,Polca,,Guitarra,en el Club Social,Pueblo del Carmen,1955-04-16,470.82,48.833,82.744
976,Polca,,Acordeón,un almacén de Barrio Ceibal,Salto,1955-06-10,468.38,49.733,35.882
977,Chotis,,Acordeón,un almacén de Barrio Ceibal,Salto,1955-06-10,463.26,49.733,9.48
978,Chotis,,Acordeón,un almacén de Barrio Ceibal,Salto,1955-06-10,461.13,49.6,7.279
979,Chimarrita,,Acordeón,un almacén de Barrio Ceibal,Salto,1955-06-10,448.78,49.433,7.485
981,Habanera,,Acordeón,en el rancho del informante,Nueva Hespérides (Salto),1955-06-10,462.59,49.8,3.427
982,Vals,,Acordeón,en el rancho del informante,Nueva Hespérides (Salto),1955-06-10,461.93,49.667,5.525
983,Polca,,Acordeón,en el rancho del informante,Nueva Hespérides (Salto),1955-06-10,462.46,49.567,4.677
984,Polca,,Acordeón,en el rancho del informante,Nueva Hespérides (Salto),1955-06-10,455.3,49.367,8.575
985,Chotis,,Acordeón,en el rancho del informante,Nueva Hespérides (Salto),1955-06-10,452.68,49.267,5.93
986,Milonga,,"Canto, Guitarra",en casa del informante,Salto,1955-06-10,439.54,49.467,7.077
987,Polca,,"Acordeón, Guitarra",en casa del informante 1º,Salto,1955-06-10,436.38,49.267,12.731
988,Chotis,,"Acordeón, Guitarra",en casa del informante 1º,Salto,1955-06-10,437.26,49.2,30.103
989,Habanera,,"Acordeón, Guitarra",en casa del informante 1º,Salto,1955-06-10,436.76,49.2,13.878
990,Milonga,,Guitarra,en el almacén de Juan L. Prinzo,Salto,1955-06-11,448.78,50.5,48.107
991,Estilo,,Guitarra,en el almacén de Juan L. Prinzo,Salto,1955-06-11,448.26,50.333,54.556
992,Canción criolla,,"Canto, Guitarra",en el almacén del informante,Salto,1955-06-11,444.91,50.0,20.289
993,Canción criolla,"""Viejos ombuses""","Canto, Guitarra",en casa del informante,Salto,1955-06-11,440.81,49.833,30.376
994,Vidalita,,Guitarra,en el almacén de Juan L. Prinzo,Salto,1955-06-11,440.56,49.667,19.996
995,Vals,,Guitarra,en el almacén de Juan L. Prinzo,Salto,1955-06-11,441.58,49.7,27.666
996,Vals,,Acordeón,en el almacén de Juan L. Prinzo,Salto,1955-06-11,441.32,49.6,11.206
997,Habanera,,Acordeón,en el almacén de Juan L. Prinzo,Salto,1955-06-11,440.56,49.6,14.018
998,Chotis,,Acordeón,en el almacén de Juan L. Prinzo,Salto,1955-06-11,440.05,49.567,20.312
999,Polca,,Acordeón,en el almacén de Juan L. Prinzo,Salto,1955-06-11,438.78,49.567,14.78
1000,Mazurca,,Acordeón,en el almacén de Juan L. Prinzo,Salto,1955-06-11,441.32,49.6,31.218
1001,Milonga,,"Canto, Guitarra",en el almacén de Juan L. Prinzo,Salto,1955-06-11,438.27,49.533,19.068
1002,Milonga,,"Canto, Guitarra",en el almacén de Juan L. Prinzo,Salto,1955-06-11,439.8,49.433,23.251
1003,Milonga,,"Canto, Guitarra",en el almacén de Juan L. Prinzo,Salto,1955-06-11,439.29,49.333,38.733
1054,Milonga,"""El caballo criollo""","Canto, Guitarra","en ""Radio Internacional""",Rivera,1955-08-20,439.8,49.733,7.968
1055,Vals,,Guitarra,"en la ""Radio Internacional""",Rivera,1955-08-20,439.8,49.5,23.309
1056,Milonga,"""Mi tropilla""",Guitarra,"en la ""Radio Internacional""",Rivera,1955-08-20,437.52,49.433,17.963
1057,Polca,"""Los negros están de fiesta"" La negrada está de festa",Guitarra,"en la ""Radio Internacional""",Rivera,1955-08-20,436.25,49.267,10.831
1058,Payada de contrapunto,,Guitarra,"en la ""Radio Internacional""",Rivera,1955-08-20,440.56,49.2,30.362
1059,Cifra,"""Amanecer""",Guitarra,en la Radio Internacional,Rivera,1955-08-20,439.54,49.267,14.085
1060,Vals (europeo),"""Ángel de mi vida""",Acordeón,en el Liceo de Ens. Secundaria,Juan Lacaze,1955-10-07,445.16,50.433,8.594
1061,Polca marcha (europea),,Acordeón,en el Liceo de Ens. Secundaria,Juan Lacaze,1955-10-07,438.78,49.633,5.44
1062,Marcha,"[""Curro Cúchares"" de Gerardo Metallo]",Acordeón,en el Liceo de Ens. Secundaria,Juan Lacaze,1955-10-07,435.75,49.333,5.967
1063,Estilo,,Guitarra,en el Liceo de Ens. Secundaria,Juan Lacaze,1955-10-07,430.99,48.867,42.954
1064,Milonga,,"Canto, Guitarra",en el Liceo de Ens. Secundaria,Juan Lacaze,1955-10-07,431.24,48.833,33.538
1065,Cifra,,"Canto, Guitarra",en el Liceo de Ens. Secundaria,Juan Lacaze,1955-10-07,429.25,48.733,20.145
1066,Polca,"""Ésta y nos vamos""",Acordeón,en el Liceo de Ens. Sec.,Juan Lacaze,1955-10-07,438.27,49.5,11.344
1067,Vals,"""El vuelo de los percales""",Acordeón,en el Liceo de Ens. Sec.,Juan Lacaze,1955-10-07,434.74,49.2,14.645
1068,Vals,,Acordeón,en el Liceo de Ens. Sec.,Juan Lacaze,1955-10-07,433.24,49.0,20.31
1069,Polca,,Acordeón,en el Liceo de Ens. Sec.,Juan Lacaze,1955-10-07,430.25,48.7,8.409
1070,Polca,,Acordeón,en el Liceo de Ens. Sec.,Juan Lacaze,1955-10-07,442.34,49.9,24.679
1071,Cifra,,Canto,en el Liceo de Ens. Sec.,Juan Lacaze,1955-10-08,435.5,49.467,19.668
1072,Milonga,,"Canto, Guitarra",en el Liceo de Ens. Sec.,Juan Lacaze,1955-10-08,435.75,49.267,16.385
1073,Milonga,"""El gaucho Braulio Lucero""","Canto, Guitarra",en el Liceo de Ens. Sec.,Juan Lacaze,1955-10-08,431.74,49.0,25.62
1074,Milonga,,"Canto, Guitarra",en el Liceo de Ens. Sec.,Juan Lacaze,1955-10-08,431.49,48.867,12.856
1075,Canción criolla,,"Canto, Guitarra",en el Liceo de Ens. Sec.,Juan Lacaze,1955-10-08,433.49,48.833,25.704
1076,Vals,"""Adiós, adiós, ensueño de mi vida""","Canto, Guitarra",en el Liceo de Ens. Sec.,Juan Lacaze,1955-10-08,430.25,48.7,22.433
1077,Milonga,,"Canto, Guitarra",en el Liceo de Ens. Sec.,Juan Lacaze,1955-10-08,430.0,48.667,16.695
1078,Milonga,,"Canto, Guitarra",en el Liceo de Ens. Sec.,Juan Lacaze,1955-10-08,430.5,48.633,14.363
1086,Milonga,,Guitarra,"en casa de Juan José Gallo; Municipio, 1806.-",Montevideo,1955-11-09,428.39,48.167,18.279
1087,Polca,,Guitarra,"en casa de Juan José Gallo; Municipio, 1806.-",Montevideo,1955-11-09,426.78,48.0,13.74
1088,Polca,,Guitarra,"en casa de Juan José Gallo; Municipio, 1806.-",Montevideo,1955-11-09,425.8,47.867,34.066
1089,Mazurca,,Guitarra,en el taller de Juan José Gallo; Municipio 1806,Montevideo,1955-11-09,423.34,47.767,36.348
1090,Ranchera,,Guitarra,en el taller de Juan José Gallo; Municipio 1806,Montevideo,1955-11-09,427.77,48.133,13.788
1091,Chotis,,Guitarra,en el taller de Juan José Gallo; Municipio 1806,Montevideo,1955-11-09,422.37,47.767,20.545
1092,Vals,,Guitarra,en el taller de Juan José Gallo; Municipio 1806,Montevideo,1955-11-09,430.5,48.7,30.301
1093,Danza,,Guitarra,en el taller de Juan José Gallo; Municipio 1806,Montevideo,1955-11-09,430.5,48.6,41.807
1094,Marcha,,Guitarra,en el taller de Juan José Gallo; Municipio 1806,Montevideo,1955-11-09,430.25,48.567,31.229
1095,Vidalita,,Guitarra,en el taller de Juan José Gallo; Municipio 1806,Montevideo,1955-11-09,429.25,48.433,19.894
1096,Vals,"""Inspiración de la tarde""","Bandoneón 71 teclas, Guitarra",en el taller de Juan José Gallo; Municipio 1806,Montevideo,1955-11-09,429.63,48.5,21.904
1097,Milonga,"""Agárrese mi compadre""","Bandoneón, Guitarra",en el taller de Juan José Gallo; Municipio 1806,Montevideo,1955-11-09,430.5,48.467,16.556
1098,Tango,"""Un abrazo a mi compadre""","Bandoneón, Guitarra",en el taller de Juan José Gallo; Municipio 1806,Montevideo,1955-11-09,430.74,48.433,22.966
1099,Ranchera,"""La Mercedaria""","Bandoneón, Guitarra",en el taller de Juan José Gallo; Municipio 1806,Montevideo,1955-11-09,429.25,48.367,20.892
1100,Tango,"""Cap Polonio""","Bandoneón, Guitarra",en el taller de Juan José Gallo; Municipio 1806,Montevideo,1955-11-09,429.01,48.5,25.859
1101,Gato,"""El barcino""","Bandoneón, Guitarra",en el taller de Juan José Gallo; Municipio 1806,Montevideo,1955-11-09,432.24,48.467,13.023
683,Milonga,"""La mujer borracha""","Canto, Guitarra",Ateneo de Paysandú,Paysandú,1952-08-11,473.27,53.333,3.73
684,Milonga,,"Canto, Guitarra","""Ateneo de Paysandú""",Paysandú,1952-08-11,464.6,52.333,6.088
685,Canción infantil,"""La monjita""",Canto,"casa en calle 18 de julio, piso 4 ap. 2",Montevideo,1952-11-02,443.11,50.1,57.439
686,Canción infantil,"""Una mañanita""",Canto,,Montevideo,1952-11-02,436.76,49.367,37.67
692,Estilo,"""Los dos estilos"" o ""La Cruz""","Canto, Guitarra",Rocha Atletic Club,Rocha,1952-11-29,461.39,52.833,14.207
693,Milonga,"""A mi vihuela""","Canto, Guitarra",Rocha Atletic Club,Rocha,1952-11-29,456.89,51.5,17.809
694,Cifra,,"Canto, Guitarra",Rocha Atletic Club,Rocha,1952-11-29,455.57,50.4,21.617
695,Polca,,Acordeón,Club Remeros,Salto,1952-12-17,449.04,50.133,21.258
696,Habanera,,Acordeón,Club Remeros,Salto,1952-12-17,447.74,49.867,21.524
697,Pericón,,Acordeón,Club Remeros,Salto,1952-12-17,444.91,49.533,30.131
698,Mazurca,,Acordeón,Club Remeros,Salto,1952-12-17,442.34,49.233,32.968
699,Chotis,"""Chotis del Río Negro""",Acordeón,Club Remeros,Salto,1952-12-17,449.04,50.033,28.573
700,Chotis inglés,,Acordeón,Club Remeros,Salto,1952-12-17,449.3,49.9,20.446
702,Carangueijo,,Acordeón,,Montevideo,1952-12-31,438.78,49.667,22.149
703,Chotis inglés,,Acordeón,,Montevideo,1952-12-31,435.5,49.633,10.054
704,Chimarrita,,Acordeón,,Montevideo,1952-12-31,432.99,49.633,6.854
705,Polca,"""La gallina muerta""",Canto,,Montevideo,1952-12-31,432.24,49.167,23.145
706,Estilo,"""Cuando el mundo se formó""","Canto, Guitarra",en casa de Santiago Dossetti,Minas,1953-02-12,432.24,48.633,23.49
707,Milonga,,"Canto, Guitarra",en casa de Santiago Dossetti,Minas,1953-02-12,428.51,48.367,27.446
708,Milonga,,"Canto, Guitarra",en casa de Santiago Dossetti,Minas,1953-02-12,423.1,48.2,24.688
722,Estilo,,Guitarra,en casa de Amanda Pérez,Playa Verde,1954-02-23,430.5,48.467,6.501
723,Vals - serenata,,Guitarra,en casa de Amanda Pérez,Playa Verde,1954-02-23,437.26,48.6,7.63
724,Canción criolla,"""El facón""",Guitarra,en casa de Amanda Pérez,Playa Verde,1954-02-23,430.0,48.7,8.66
725,Milonga,"""Velorio""",Guitarra,en casa de Hugo Rodríguez,Playa Verde,1954-02-24,433.99,49.067,25.74
726,Milonga,"""Escribanza""",Guitarra,en casa de Hugo Rodríguez,Playa Verde,1954-02-24,429.25,48.4,19.576
727,Milonga,"""Escribanza""",Guitarra,en casa de Hugo Rodríguez,Playa Verde,1954-02-24,430.99,48.667,28.08
728,Milonga,"""El Casorio""",Guitarra,en casa de Hugo Rodríguez,Playa Verde,1954-02-24,427.77,48.567,32.171
730,Alabanza,,Canto,en casa de Hugo Rodríguez,Playa Verde,1954-02-26,426.54,48.167,21.698
731,Milonga,,"Canto, Guitarra",en casa de Victorio Escobar,Pan de Azúcar,1954-03-07,436.76,49.3,33.312
732,Estilo,,"Canto, Guitarra",en casa de Victorio Escobar,Pan de Azúcar,1954-03-07,431.49,48.733,67.117
733,Zamba,,"Canto, Guitarra",en casa de Victorio Escobar,Pan de Azúcar,1954-03-07,437.26,48.8,55.13
734,Chotis,,Guitarra,en casa de Victorio Escobar,Pan de Azúcar,1954-03-07,427.52,48.5,96.639
735,Polca,,Guitarra,en casa de Victorio Escobar,Pan de Azúcar,1954-03-07,431.99,48.7,70.2
736,Mazurca,,Guitarra,en casa de Victorio Escobar,Pan de Azúcar,1954-03-07,425.92,48.567,101.038
737,Vals - serenata,,"Canto, Guitarra",en casa de Victorio Escobar,Pan de Azúcar,1954-03-07,429.5,48.667,40.831
738,Estilo,,"Canto, Guitarra",en casa de Victorio Escobar,Pan de Azúcar,1954-03-07,430.25,48.8,74.247
739,Serenata,,"Canto, Guitarra",en casa de Victorio Escobar,Pan de Azúcar,1954-03-07,433.24,48.633,75.834
740,Milonga,,"Canto, Guitarra",en casa de Victorio Escobar,Pan de Azúcar,1954-03-07,427.03,48.467,61.583
741,Mazurca,,Guitarra,en casa de Victorio Escobar,Pan de Azúcar,1954-03-07,429.01,48.6,100.072
745,Milonga,,"Canto, Guitarra",en casa de Victorio Escobar,Pan de Azúcar,1954-03-07,429.01,49.8,21.006
338,Estilo,,"Canto, Guitarra",en el Liceo Oficial,Aiguá (Maldonado),1947-10-12,442.09,49.2,9.0
